{"cameraMode":{"drawMode":0,"name":"Shaded","section":"Shading Mode"},"sceneLighting":true,"audioPlay":false,"sceneViewState":{"m_AlwaysRefresh":false,"showFog":true,"showSkybox":true,"showFlares":true,"showImageEffects":true,"showParticleSystems":true,"showVisualEffectGraphs":true,"m_FxEnabled":true},"in2DMode":false,"pivot":{"x":3.3968520164489748,"y":-7.12209415435791,"z":9.952889442443848},"rotation":{"x":0.2684290409088135,"y":0.08655241876840592,"z":-0.024223782122135164,"w":0.9590972065925598},"size":10.154703140258789,"orthographic":false}