{"cameraMode":{"drawMode":0,"name":"Shaded","section":"Shading Mode"},"sceneLighting":true,"audioPlay":false,"sceneViewState":{"m_AlwaysRefresh":false,"showFog":true,"showSkybox":true,"showFlares":true,"showImageEffects":true,"showParticleSystems":true,"showVisualEffectGraphs":true,"m_FxEnabled":true},"in2DMode":false,"pivot":{"x":-2.4092345237731935,"y":-17.788434982299806,"z":1.516190528869629},"rotation":{"x":0.6571250557899475,"y":0.002263226779177785,"z":-0.001970466924831271,"w":0.7537757158279419},"size":14.405172348022461,"orthographic":false}