{"cameraMode":{"drawMode":0,"name":"Shaded","section":"Shading Mode"},"sceneLighting":true,"audioPlay":false,"sceneViewState":{"m_AlwaysRefresh":false,"showFog":true,"showSkybox":true,"showFlares":true,"showImageEffects":true,"showParticleSystems":true,"showVisualEffectGraphs":true,"m_FxEnabled":true},"in2DMode":false,"pivot":{"x":0.27433642745018008,"y":-0.013463348150253296,"z":17.56507110595703},"rotation":{"x":0.03736421838402748,"y":-0.0044968631118535999,"z":0.00016803496691863984,"w":0.9992944002151489},"size":16.299217224121095,"orthographic":false}