{"cameraMode":{"drawMode":0,"name":"Shaded","section":"Shading Mode"},"sceneLighting":true,"audioPlay":false,"sceneViewState":{"m_AlwaysRefresh":false,"showFog":true,"showSkybox":true,"showFlares":true,"showImageEffects":true,"showParticleSystems":true,"showVisualEffectGraphs":true,"m_FxEnabled":true},"in2DMode":false,"pivot":{"x":1.102278232574463,"y":-4.563664436340332,"z":2.749016761779785},"rotation":{"x":0.4043453633785248,"y":0.04798182472586632,"z":-0.021247657015919687,"w":0.9130993485450745},"size":5.9895758628845219,"orthographic":false}