{"cameraMode":{"drawMode":0,"name":"Shaded","section":"Shading Mode"},"sceneLighting":false,"audioPlay":false,"sceneViewState":{"m_AlwaysRefresh":false,"showFog":true,"showSkybox":false,"showFlares":true,"showImageEffects":true,"showParticleSystems":true,"showVisualEffectGraphs":true,"m_FxEnabled":true},"in2DMode":false,"pivot":{"x":-2.870737314224243,"y":0.18068769574165345,"z":1.4916223287582398},"rotation":{"x":0.5002667307853699,"y":-0.25528448820114138,"z":0.15722131729125977,"w":0.8123041391372681},"size":1.5304439067840577,"orthographic":false}