{"cameraMode":{"drawMode":0,"name":"Shaded","section":"Shading Mode"},"sceneLighting":false,"audioPlay":false,"sceneViewState":{"m_AlwaysRefresh":false,"showFog":true,"showSkybox":false,"showFlares":true,"showImageEffects":true,"showParticleSystems":true,"showVisualEffectGraphs":true,"m_FxEnabled":true},"in2DMode":false,"pivot":{"x":0.9195672869682312,"y":2.046088218688965,"z":-5.039898872375488},"rotation":{"x":0.2939659655094147,"y":0.0014336956664919854,"z":-0.00044102786341682076,"w":0.9558166861534119},"size":1.5168229341506959,"orthographic":false}