{"cameraMode":{"drawMode":0,"name":"Shaded","section":"Shading Mode"},"sceneLighting":false,"audioPlay":false,"sceneViewState":{"m_AlwaysRefresh":false,"showFog":true,"showSkybox":false,"showFlares":true,"showImageEffects":true,"showParticleSystems":true,"showVisualEffectGraphs":true,"m_FxEnabled":true},"in2DMode":false,"pivot":{"x":1.0880401134490967,"y":2.9759671688079836,"z":-3.497373104095459},"rotation":{"x":0.02965800277888775,"y":0.04256488382816315,"z":0.001250015920959413,"w":-0.9986313581466675},"size":2.3461313247680666,"orthographic":false}