{"cameraMode":{"drawMode":0,"name":"Shaded","section":"Shading Mode"},"sceneLighting":false,"audioPlay":false,"sceneViewState":{"m_AlwaysRefresh":false,"showFog":true,"showSkybox":false,"showFlares":true,"showImageEffects":true,"showParticleSystems":true,"showVisualEffectGraphs":true,"m_FxEnabled":true},"in2DMode":false,"pivot":{"x":0.9120392799377441,"y":2.1996264457702638,"z":-4.942177772521973},"rotation":{"x":0.24629220366477967,"y":0.017444338649511339,"z":-0.0044333236292004589,"w":0.9690297842025757},"size":1.5168229341506959,"orthographic":false}