{"cameraMode":{"drawMode":0,"name":"Shaded","section":"Shading Mode"},"sceneLighting":false,"audioPlay":false,"sceneViewState":{"m_AlwaysRefresh":false,"showFog":true,"showSkybox":false,"showFlares":true,"showImageEffects":true,"showParticleSystems":true,"showVisualEffectGraphs":true,"m_FxEnabled":true},"in2DMode":false,"pivot":{"x":-0.12999999523162843,"y":0.14900000393390656,"z":2.8399999141693117},"rotation":{"x":0.20818093419075013,"y":-0.23217691481113435,"z":0.05094755068421364,"w":0.9487635493278503},"size":3.046041488647461,"orthographic":false}